<?xml version="1.0" encoding="utf-8"?>
<extension version="3.3" type="module" client="site" method="upgrade">
	<name>SMART SlideShow</name> 
    <version>1.0</version>
    <creationDate>January, 2016</creationDate>
    <author>smart.com</author>
    <authorEmail>info@smart.com</authorEmail>
    <authorUrl>http://smart.com</authorUrl>
    <copyright>Copyright 2016 - smart.com</copyright>
    <license></license>
	<description> SMART Banner Slider</description>
	
	<files>
		<filename module="mod_smart_banner_slider">mod_smart_banner_slider.php</filename>
		<filename>index.html</filename>
		<folder>css/</folder>
		<folder>images/</folder>
		<folder>js/</folder>
		<folder>php/</folder>
	</files>

	<config>
		<fields name="params" addfieldpath="/modules/mod_smart_banner_slider/php">
		<fieldset name="basic">
			<field type="spacer" name="&lt;div class=&quot;sub-heading&quot;&gt;Slideshow Configuration&lt;/div&gt;" />
			
			<field name="Animation" type="list" default="fade" label="Animation Type" description="">
				<option value="fade">Fade</option>
				<option value="slide"> Slide</option>
			</field>
			<field name="Easing" type="list" default="swing" label="Easing" description="">
				<option value="swing">Swing</option>
				<option value="linear">Linear</option>
			</field>
			<field name="Direction" type="list" default="horizontal" label="Direction" description="">
				<option value="horizontal">Horizontal</option>
				<option value="vertical">Vertical</option>
			</field>
			<field name="Reverse" type="list" default="false" label="Reverse" description="">
				<option value="true">Yes</option>
				<option value="false">No</option>
			</field>
			<field name="AnimationLoop" type="list" default="true" label="AnimationLoop" description="">
				<option value="true">Yes</option>
				<option value="false">No</option>
			</field>
			<field name="SmoothHeight" type="list" default="false" label="SmoothHeight" description="">
				<option value="true">Yes</option>
				<option value="false">No</option>
			</field>
			<field name="StartAt" type="text" default="0" label="Start At" description="Sets the slide starts at" />
			<field name="SlideShow" type="list" default="true" label="SlideShow" description="">
				<option value="true">Yes</option>
				<option value="false">No</option>
			</field>
			<field name="SlideShowSpeed" type="text" default="7000" label="Slide Show Speed" description="Sets the amount of time each slideshow interval in milliseconds" />
			<field name="AnimationSpeed" type="text" default="600" label="Animation Speed" description="Sets the amount of time in milliseconds the transition between slides will last" />
			<field name="InitDelay" type="text" default="0" label="Initial Delay" description="" />
			<field name="Randomize" type="list" default="false" label="Randomize" description="">
				<option value="true">Yes</option>
				<option value="false">No</option>
			</field>
			<field name="PauseOnAction" type="list" default="true" label="Pause on Action" description="">
				<option value="true">Yes</option>
				<option value="false">No</option>
			</field>
			<field name="pauseOnHover" type="list" default="false" label="Pause on Hover" description="Pauses on the current slide while hovering.">
				<option value="true">Yes</option>
				<option value="false">No</option>
			</field>	
			<field name="UseCss" type="list" default="true" label="Use CSS" description="">
				<option value="true">Yes</option>
				<option value="false">No</option>
			</field>	
			<field name="Touch" type="list" default="true" label="Touch" description="Enable touch-swipe functionality">
				<option value="true">Yes</option>
				<option value="false">No</option>
			</field>	
			<field name="slideNumbers" type="list" default="true" label="Slide Numbers" description="Enable Slide Numbers list">
				<option value="true">Yes</option>
				<option value="false">No</option>
			</field>	
			<field name="navigation" type="list" default="true" label="Navigation" description="Enable Navigation">
				<option value="true">Yes</option>
				<option value="false">No</option>
			</field>	
			<field name="bullets" type="list" default="false" label="Navigation" description="Enable bullets">
				<option value="true">Yes</option>
				<option value="false">No</option>
			</field>	

			<field type="asset" />		
		</fieldset>

		
		<fieldset name="slides" label="&gt;&gt;&gt; Manage Slides &lt;&lt;&lt;">	
	
		<!-- SLIDE 1 -->
		<field type="spacer" name="&lt;div class=&quot;sub-heading&quot;&gt;Slide #1&lt;/div&gt;" />
		<field name="Image1" label="Image 1 (960 X 340)" type="media"  description="Choose an image." />
		<field name="Link1" label="Link 1" type="text"  description="URL where the slider image will link." />
		<field name="Title1" label="Title 1" type="text"  description="Title" />
		<field name="Caption1" label="Caption 1" type="textarea" filter="safehtml"  cols="30" rows="5" default="" description="Add image caption here. HTML allowed." />
		<field name="Irg1" label="IRG 1" type="text"  description="IRG" />
		
		<!-- SLIDE 2 -->
		<field type="spacer" name="&lt;div class=&quot;sub-heading&quot;&gt;Slide #2&lt;/div&gt;" />
		<field name="Image2" label="Image 2 (960 X 340)" type="media"  description="Choose an image." />
		<field name="Link2" label="Link 2" type="text"  description="URL where the slider image will link." />
		<field name="Title2" label="Title 2" type="text"  description="Title" />
		<field name="Caption2" label="Caption 2" type="textarea" filter="safehtml"  cols="30" rows="5" default="" description="Add image caption here. HTML allowed." />
		<field name="Irg2" label="IRG 2" type="text"  description="IRG" />

		<!-- SLIDE 3 -->
		<field type="spacer" name="&lt;div class=&quot;sub-heading&quot;&gt;Slide #3&lt;/div&gt;" />
		<field name="Image3" label="Image 3 (960 X 340)" type="media"  description="Choose an image." />
		<field name="Link3" label="Link 3" type="text"  description="URL where the slider image will link." />
		<field name="Title3" label="Title 3" type="text"  description="Title" />
		<field name="Caption3" label="Caption 3" type="textarea" filter="safehtml"  cols="30" rows="5" default="" description="Add image caption here. HTML allowed." />		
		<field name="Irg3" label="IRG 3" type="text"  description="IRG" />
		
		<!-- SLIDE 4 -->
		<field type="spacer" name="&lt;div class=&quot;sub-heading&quot;&gt;Slide #4&lt;/div&gt;" />
		<field name="Image4" label="Image 4 (960 X 340)" type="media"  description="Choose an image." />
		<field name="Link4" label="Link 4" type="text"  description="URL where the slider image will link." />
		<field name="Title4" label="Title 4" type="text"  description="Title" />
		<field name="Caption4" label="Caption 4" type="textarea" filter="safehtml"  cols="30" rows="5" default="" description="Add image caption here. HTML allowed." />
		<field name="Irg4" label="IRG 4" type="text"  description="IRG" />
		
		<!-- SLIDE 5 -->
		<field type="spacer" name="&lt;div class=&quot;sub-heading&quot;&gt;Slide #5&lt;/div&gt;" />
		<field name="Image5" label="Image 5 (960 X 340)" type="media"  description="Choose an image." />
		<field name="Link5" label="Link 5" type="text"  description="URL where the slider image will link." />
		<field name="Title5" label="Title 5" type="text"  description="Title" />
        <field name="Caption5" label="Caption 5" type="textarea" filter="safehtml"  cols="30" rows="5" default="" description="Add image caption here. HTML allowed." />
		<field name="Irg5" label="IRG 5" type="text"  description="IRG" />
		
		<!-- SLIDE 6 -->
		<field type="spacer" name="&lt;div class=&quot;sub-heading&quot;&gt;Slide #6&lt;/div&gt;" />
		<field name="Image6" label="Image 6 (960 X 340)" type="media"  description="Choose an image." />
		<field name="Link6" label="Link 6" type="text"  description="URL where the slider image will link." />
		<field name="Title6" label="Title 6" type="text"  description="Title" />
        <field name="Caption6" label="Caption 6" type="textarea" filter="safehtml"  cols="30" rows="5" default="" description="Add image caption here. HTML allowed." />
		<field name="Irg6" label="IRG 6" type="text"  description="IRG" />
		
		<!-- SLIDE 7 -->
		<field type="spacer" name="&lt;div class=&quot;sub-heading&quot;&gt;Slide #7&lt;/div&gt;" />
		<field name="Image7" label="Image 7 (960 X 340)" type="media"  description="Choose an image." />
		<field name="Link7" label="Link 7" type="text"  description="URL where the slider image will link." />
		<field name="Title7" label="Title 7" type="text"  description="Title" />
        <field name="Caption7" label="Caption 7" type="textarea" filter="safehtml"  cols="30" rows="5" default="" description="Add image caption here. HTML allowed." />
		<field name="Irg7" label="IRG 7" type="text"  description="IRG" />
		
		<!-- SLIDE 8 -->
		<field type="spacer" name="&lt;div class=&quot;sub-heading&quot;&gt;Slide #8&lt;/div&gt;" />
		<field name="Image8" label="Image 8 (960 X 340)" type="media"  description="Choose an image." />
		<field name="Link8" label="Link 8" type="text"  description="URL where the slider image will link." />
		<field name="Title8" label="Title 8" type="text"  description="Title" />
        <field name="Caption8" label="Caption 8" type="textarea" filter="safehtml"  cols="30" rows="5" default="" description="Add image caption here. HTML allowed." />
		<field name="Irg8" label="IRG 8" type="text"  description="IRG" />
		
		<!-- SLIDE 9 -->
		<field type="spacer" name="&lt;div class=&quot;sub-heading&quot;&gt;Slide #9&lt;/div&gt;" />
		<field name="Image9" label="Image 9 (960 X 340)" type="media"  description="Choose an image." />
		<field name="Link9" label="Link 9" type="text"  description="URL where the slider image will link." />
		<field name="Title9" label="Title 9" type="text"  description="Title" />
        <field name="Caption9" label="Caption 9" type="textarea" filter="safehtml"  cols="30" rows="5" default="" description="Add image caption here. HTML allowed." />
		<field name="Irg9" label="IRG 9" type="text"  description="IRG" />
		
		<!-- SLIDE 10 -->
		<field type="spacer" name="&lt;div class=&quot;sub-heading&quot;&gt;Slide #10&lt;/div&gt;" />
		<field name="Image10" label="Image 10 (960 X 340)" type="media"  description="Choose an image." />
		<field name="Link10" label="Link 10" type="text"  description="URL where the slider image will link." />
		<field name="Title10" label="Title 10" type="text"  description="Title" />
        <field name="Caption10" label="Caption 10" type="textarea" filter="safehtml"  cols="30" rows="5" default="" description="Add image caption here. HTML allowed." />
		<field name="Irg10" label="IRG 10" type="text"  description="IRG" />
		
		<!-- SLIDE 11 -->
		<field type="spacer" name="&lt;div class=&quot;sub-heading&quot;&gt;Slide #11&lt;/div&gt;" />
		<field name="Image11" label="Image 11 (960 X 340)" type="media"  description="Choose an image." />
		<field name="Link11" label="Link 11" type="text"  description="URL where the slider image will link." />
		<field name="Title11" label="Title 11" type="text"  description="Title" />
        <field name="Caption11" label="Caption 11" type="textarea" filter="safehtml"  cols="30" rows="5" default="" description="Add image caption here. HTML allowed." />
		<field name="Irg11" label="IRG 11" type="text"  description="IRG" />
		
		<!-- SLIDE 12 -->
		<field type="spacer" name="&lt;div class=&quot;sub-heading&quot;&gt;Slide #12&lt;/div&gt;" />
		<field name="Image12" label="Image 12 (960 X 340)" type="media"  description="Choose an image." />
		<field name="Video12" label="Video 12" type="text"  description="Embade a Youtube or Vimeo video." />
		<field name="Link12" label="Link 12" type="text"  description="URL where the slider image will link." />
		<field name="Title12" label="Title 12" type="text"  description="Title" />
        <field name="Caption12" label="Caption 12" type="textarea" filter="safehtml"  cols="30" rows="5" default="" description="Add image caption here. HTML allowed." />
		<field name="Irg12" label="IRG 12" type="text"  description="IRG" />
		
		<!-- SLIDE 13 -->
		<field type="spacer" name="&lt;div class=&quot;sub-heading&quot;&gt;Slide #13&lt;/div&gt;" />
		<field name="Image13" label="Image 13 (960 X 340)" type="media"  description="Choose an image." />
		<field name="Link13" label="Link 13" type="text"  description="URL where the slider image will link." />
		<field name="Title13" label="Title 13" type="text"  description="Title" />
        <field name="Caption13" label="Caption 13" type="textarea" filter="safehtml"  cols="30" rows="5" default="" description="Add image caption here. HTML allowed." />
		<field name="Irg13" label="IRG 13" type="text"  description="IRG" />
		
		<!-- SLIDE 14 -->
		<field type="spacer" name="&lt;div class=&quot;sub-heading&quot;&gt;Slide #14&lt;/div&gt;" />
		<field name="Image14" label="Image 14 (960 X 340)" type="media"  description="Choose an image." />
		<field name="Link14" label="Link 14" type="text"  description="URL where the slider image will link." />
		<field name="Title14" label="Title 14" type="text"  description="Title" />
        <field name="Caption14" label="Caption 14" type="textarea" filter="safehtml"  cols="30" rows="5" default="" description="Add image caption here. HTML allowed." />
		<field name="Irg14" label="IRG 14" type="text"  description="IRG" />
		
		<!-- SLIDE 15 -->
		<field type="spacer" name="&lt;div class=&quot;sub-heading&quot;&gt;Slide #15&lt;/div&gt;" />
		<field name="Image15" label="Image 15 (960 X 340)" type="media"  description="Choose an image." />
		<field name="Link15" label="Link 15" type="text"  description="URL where the slider image will link." />
		<field name="Title15" label="Title 15" type="text"  description="Title" />
        <field name="Caption15" label="Caption 15" type="textarea" filter="safehtml"  cols="30" rows="5" default="" description="Add image caption here. HTML allowed." />
		<field name="Irg15" label="IRG 15" type="text"  description="IRG" />
		
		<!-- SLIDE 16 -->
		<field type="spacer" name="&lt;div class=&quot;sub-heading&quot;&gt;Slide #16&lt;/div&gt;" />
		<field name="Image16" label="Image 16 (960 X 340)" type="media"  description="Choose an image." />
		<field name="Link16" label="Link 16" type="text"  description="URL where the slider image will link." />
		<field name="Title16" label="Title 16" type="text"  description="Title" />
        <field name="Caption16" label="Caption 16" type="textarea" filter="safehtml"  cols="30" rows="5" default="" description="Add image caption here. HTML allowed." />
		<field name="Irg16" label="IRG 16" type="text"  description="IRG" />
		
		<!-- SLIDE 17 -->
		<field type="spacer" name="&lt;div class=&quot;sub-heading&quot;&gt;Slide #17&lt;/div&gt;" />
		<field name="Image17" label="Image 17 (960 X 340)" type="media"  description="Choose an image." />
		<field name="Link17" label="Link 17" type="text"  description="URL where the slider image will link." />
		<field name="Title17" label="Title 17" type="text"  description="Title" />
        <field name="Caption17" label="Caption 17" type="textarea" filter="safehtml"  cols="30" rows="5" default="" description="Add image caption here. HTML allowed." />
		<field name="Irg17" label="IRG 17" type="text"  description="IRG" />
		
		<!-- SLIDE 18 -->
		<field type="spacer" name="&lt;div class=&quot;sub-heading&quot;&gt;Slide #18&lt;/div&gt;" />
		<field name="Image18" label="Image 18 (960 X 340)" type="media"  description="Choose an image." />
		<field name="Link18" label="Link 18" type="text"  description="URL where the slider image will link." />
		<field name="Title18" label="Title 18" type="text"  description="Title" />
        <field name="Caption18" label="Caption 18" type="textarea" filter="safehtml"  cols="30" rows="5" default="" description="Add image caption here. HTML allowed." />
		<field name="Irg18" label="IRG 18" type="text"  description="IRG" />
		
		<!-- SLIDE 19 -->
		<field type="spacer" name="&lt;div class=&quot;sub-heading&quot;&gt;Slide #19&lt;/div&gt;" />
		<field name="Image19" label="Image 19 (960 X 340)" type="media"  description="Choose an image." />
		<field name="Link19" label="Link 19" type="text"  description="URL where the slider image will link." />
		<field name="Title19" label="Title 19" type="text"  description="Title" />
        <field name="Caption19" label="Caption 19" type="textarea" filter="safehtml"  cols="30" rows="5" default="" description="Add image caption here. HTML allowed." />
		<field name="Irg19" label="IRG 19" type="text"  description="IRG" />
		
		<!-- SLIDE 20 -->
		<field type="spacer" name="&lt;div class=&quot;sub-heading&quot;&gt;Slide #20&lt;/div&gt;" />
		<field name="Image20" label="Image 20 (960 X 340)" type="media"  description="Choose an image." />
		<field name="Link20" label="Link 20" type="text"  description="URL where the slider image will link." />
		<field name="Title20" label="Title 20" type="text"  description="Title" />
        <field name="Caption20" label="Caption 20" type="textarea" filter="safehtml"  cols="30" rows="5" default="" description="Add image caption here. HTML allowed." />
		<field name="Irg20" label="IRG 20" type="text"  description="IRG" />
		

		</fieldset>						
	</fields>
	</config>
</extension>